Video File,Meta File,TimeStamp,Exposure,Gain,Gamma,Binning,Capture Area,
2025-10-16-0755_8-Jupiter_656HIA.avi,2025-10-16-0755_8-Jupiter_656HIA.CameraSettings.txt,2025-10-16T07:54:50.6256137Z,0.05,60.0,No Gamma,1,320x320,
2025-10-16-0757_9-Jupiter_632OI.avi,2025-10-16-0757_9-Jupiter_632OI.CameraSettings.txt,2025-10-16T07:56:54.2726713Z,0.05,60.0,No Gamma,1,320x320,
2025-10-16-0759_9-Jupiter_620CH4.avi,2025-10-16-0759_9-Jupiter_620CH4.CameraSettings.txt,2025-10-16T07:58:57.8939725Z,0.05,60.0,No Gamma,1,320x320,
2025-10-16-0802_0-Jupiter_647NH3.avi,2025-10-16-0802_0-Jupiter_647NH3.CameraSettings.txt,2025-10-16T08:01:01.6146951Z,0.05,60.0,No Gamma,1,320x320,
2025-10-16-0804_0-Jupiter_647NH3.avi,2025-10-16-0804_0-Jupiter_647NH3.CameraSettings.txt,2025-10-16T08:03:01.9692777Z,0.05,60.0,No Gamma,1,320x320,
2025-10-16-0806_0-Jupiter_620CH4.avi,2025-10-16-0806_0-Jupiter_620CH4.CameraSettings.txt,2025-10-16T08:05:05.6345861Z,0.05,60.0,No Gamma,1,320x320,
2025-10-16-0808_1-Jupiter_632OI.avi,2025-10-16-0808_1-Jupiter_632OI.CameraSettings.txt,2025-10-16T08:07:09.4232470Z,0.05,60.0,No Gamma,1,320x320,
2025-10-16-0810_2-Jupiter_656HIA.avi,2025-10-16-0810_2-Jupiter_656HIA.CameraSettings.txt,2025-10-16T08:09:13.1612161Z,0.05,60.0,No Gamma,1,320x320,
2025-10-16-0812_0-Jupiter_685NIR.avi,2025-10-16-0812_0-Jupiter_685NIR.CameraSettings.txt,2025-10-16T08:11:18.5945450Z,0.009,60.0,No Gamma,1,320x320,
2025-10-16-0813_6-Jupiter_550GRN.avi,2025-10-16-0813_6-Jupiter_550GRN.CameraSettings.txt,2025-10-16T08:12:52.1128190Z,0.006,60.0,No Gamma,1,320x320,
2025-10-16-0815_1-Jupiter_450BLU.avi,2025-10-16-0815_1-Jupiter_450BLU.CameraSettings.txt,2025-10-16T08:14:25.8841656Z,0.01,60.0,No Gamma,1,320x320,
2025-10-16-0816_9-Jupiter_656HIA.avi,2025-10-16-0816_9-Jupiter_656HIA.CameraSettings.txt,2025-10-16T08:15:59.7424114Z,0.05,60.0,No Gamma,1,320x320,
2025-10-16-0819_0-Jupiter_632OI.avi,2025-10-16-0819_0-Jupiter_632OI.CameraSettings.txt,2025-10-16T08:18:03.4349402Z,0.05,60.0,No Gamma,1,320x320,
2025-10-16-0821_1-Jupiter_620CH4.avi,2025-10-16-0821_1-Jupiter_620CH4.CameraSettings.txt,2025-10-16T08:20:07.1380865Z,0.05,60.0,No Gamma,1,320x320,
2025-10-16-0823_1-Jupiter_647NH3.avi,2025-10-16-0823_1-Jupiter_647NH3.CameraSettings.txt,2025-10-16T08:22:10.8588866Z,0.05,60.0,No Gamma,1,320x320,
2025-10-16-0825_1-Jupiter_647NH3.avi,2025-10-16-0825_1-Jupiter_647NH3.CameraSettings.txt,2025-10-16T08:24:10.9427726Z,0.05,60.0,No Gamma,1,320x320,
2025-10-16-0827_2-Jupiter_620CH4.avi,2025-10-16-0827_2-Jupiter_620CH4.CameraSettings.txt,2025-10-16T08:26:14.6264006Z,0.05,60.0,No Gamma,1,320x320,
2025-10-16-0829_3-Jupiter_632OI.avi,2025-10-16-0829_3-Jupiter_632OI.CameraSettings.txt,2025-10-16T08:28:18.4025137Z,0.05,60.0,No Gamma,1,320x320,
2025-10-16-0831_3-Jupiter_656HIA.avi,2025-10-16-0831_3-Jupiter_656HIA.CameraSettings.txt,2025-10-16T08:30:22.1058441Z,0.05,60.0,No Gamma,1,320x320,
2025-10-16-0833_2-Jupiter_685NIR.avi,2025-10-16-0833_2-Jupiter_685NIR.CameraSettings.txt,2025-10-16T08:32:27.3108024Z,0.009,60.0,No Gamma,1,320x320,
2025-10-16-0834_7-Jupiter_550GRN.avi,2025-10-16-0834_7-Jupiter_550GRN.CameraSettings.txt,2025-10-16T08:34:00.9002235Z,0.006,60.0,No Gamma,1,320x320,
2025-10-16-0836_3-Jupiter_450BLU.avi,2025-10-16-0836_3-Jupiter_450BLU.CameraSettings.txt,2025-10-16T08:35:34.7027571Z,0.01,60.0,No Gamma,1,320x320,
2025-10-16-0838_1-Jupiter_656HIA.avi,2025-10-16-0838_1-Jupiter_656HIA.CameraSettings.txt,2025-10-16T08:37:08.4791341Z,0.05,60.0,No Gamma,1,320x320,
2025-10-16-0840_2-Jupiter_632OI.avi,2025-10-16-0840_2-Jupiter_632OI.CameraSettings.txt,2025-10-16T08:39:12.1620842Z,0.05,60.0,No Gamma,1,320x320,
2025-10-16-0842_2-Jupiter_620CH4.avi,2025-10-16-0842_2-Jupiter_620CH4.CameraSettings.txt,2025-10-16T08:41:15.8639498Z,0.05,60.0,No Gamma,1,320x320,
2025-10-16-0844_3-Jupiter_647NH3.avi,2025-10-16-0844_3-Jupiter_647NH3.CameraSettings.txt,2025-10-16T08:43:19.6621731Z,0.05,60.0,No Gamma,1,320x320,
2025-10-16-0846_3-Jupiter_647NH3.avi,2025-10-16-0846_3-Jupiter_647NH3.CameraSettings.txt,2025-10-16T08:45:19.9949314Z,0.05,60.0,No Gamma,1,320x320,
2025-10-16-0848_3-Jupiter_620CH4.avi,2025-10-16-0848_3-Jupiter_620CH4.CameraSettings.txt,2025-10-16T08:47:23.6306988Z,0.05,60.0,No Gamma,1,320x320,
2025-10-16-0850_4-Jupiter_632OI.avi,2025-10-16-0850_4-Jupiter_632OI.CameraSettings.txt,2025-10-16T08:49:27.4246336Z,0.05,60.0,No Gamma,1,320x320,
2025-10-16-0852_5-Jupiter_656HIA.avi,2025-10-16-0852_5-Jupiter_656HIA.CameraSettings.txt,2025-10-16T08:51:31.1196101Z,0.05,60.0,No Gamma,1,320x320,
2025-10-16-0854_3-Jupiter_685NIR.avi,2025-10-16-0854_3-Jupiter_685NIR.CameraSettings.txt,2025-10-16T08:53:36.6558135Z,0.009,60.0,No Gamma,1,320x320,
2025-10-16-0855_9-Jupiter_550GRN.avi,2025-10-16-0855_9-Jupiter_550GRN.CameraSettings.txt,2025-10-16T08:55:10.4180265Z,0.006,60.0,No Gamma,1,320x320,
2025-10-16-0857_4-Jupiter_450BLU.avi,2025-10-16-0857_4-Jupiter_450BLU.CameraSettings.txt,2025-10-16T08:56:44.1289105Z,0.01,60.0,No Gamma,1,320x320,
2025-10-16-0859_3-Jupiter_656HIA.avi,2025-10-16-0859_3-Jupiter_656HIA.CameraSettings.txt,2025-10-16T08:58:18.0304512Z,0.05,60.0,No Gamma,1,320x320,
2025-10-16-0901_3-Jupiter_632OI.avi,2025-10-16-0901_3-Jupiter_632OI.CameraSettings.txt,2025-10-16T09:00:21.7099649Z,0.05,60.0,No Gamma,1,320x320,
2025-10-16-0903_4-Jupiter_620CH4.avi,2025-10-16-0903_4-Jupiter_620CH4.CameraSettings.txt,2025-10-16T09:02:25.3929370Z,0.05,60.0,No Gamma,1,320x320,
2025-10-16-0905_4-Jupiter_647NH3.avi,2025-10-16-0905_4-Jupiter_647NH3.CameraSettings.txt,2025-10-16T09:04:29.1276446Z,0.05,60.0,No Gamma,1,320x320,
2025-10-16-0907_4-Jupiter_647NH3.avi,2025-10-16-0907_4-Jupiter_647NH3.CameraSettings.txt,2025-10-16T09:06:29.4821407Z,0.05,60.0,No Gamma,1,320x320,
2025-10-16-0909_5-Jupiter_620CH4.avi,2025-10-16-0909_5-Jupiter_620CH4.CameraSettings.txt,2025-10-16T09:08:33.1180341Z,0.05,60.0,No Gamma,1,320x320,
2025-10-16-0911_6-Jupiter_632OI.avi,2025-10-16-0911_6-Jupiter_632OI.CameraSettings.txt,2025-10-16T09:10:36.9331041Z,0.05,60.0,No Gamma,1,320x320,
2025-10-16-0913_6-Jupiter_656HIA.avi,2025-10-16-0913_6-Jupiter_656HIA.CameraSettings.txt,2025-10-16T09:12:40.6043065Z,0.05,60.0,No Gamma,1,320x320,
2025-10-16-0915_5-Jupiter_685NIR.avi,2025-10-16-0915_5-Jupiter_685NIR.CameraSettings.txt,2025-10-16T09:14:45.8897059Z,0.009,60.0,No Gamma,1,320x320,
2025-10-16-0917_0-Jupiter_550GRN.avi,2025-10-16-0917_0-Jupiter_550GRN.CameraSettings.txt,2025-10-16T09:16:19.6316588Z,0.006,60.0,No Gamma,1,320x320,
2025-10-16-0918_6-Jupiter_450BLU.avi,2025-10-16-0918_6-Jupiter_450BLU.CameraSettings.txt,2025-10-16T09:17:53.4239900Z,0.01,60.0,No Gamma,1,320x320,
2025-10-16-0920_4-Jupiter_656HIA.avi,2025-10-16-0920_4-Jupiter_656HIA.CameraSettings.txt,2025-10-16T09:19:27.2578581Z,0.05,60.0,No Gamma,1,320x320,
2025-10-16-0922_5-Jupiter_632OI.avi,2025-10-16-0922_5-Jupiter_632OI.CameraSettings.txt,2025-10-16T09:21:30.9539478Z,0.05,60.0,No Gamma,1,320x320,
2025-10-16-0924_5-Jupiter_620CH4.avi,2025-10-16-0924_5-Jupiter_620CH4.CameraSettings.txt,2025-10-16T09:23:34.6284095Z,0.05,60.0,No Gamma,1,320x320,
2025-10-16-0926_6-Jupiter_647NH3.avi,2025-10-16-0926_6-Jupiter_647NH3.CameraSettings.txt,2025-10-16T09:25:38.4157132Z,0.05,60.0,No Gamma,1,320x320,
2025-10-16-0928_6-Jupiter_647NH3.avi,2025-10-16-0928_6-Jupiter_647NH3.CameraSettings.txt,2025-10-16T09:27:38.7029316Z,0.05,60.0,No Gamma,1,320x320,
2025-10-16-0930_7-Jupiter_620CH4.avi,2025-10-16-0930_7-Jupiter_620CH4.CameraSettings.txt,2025-10-16T09:29:42.4084784Z,0.05,60.0,No Gamma,1,320x320,
2025-10-16-0932_7-Jupiter_632OI.avi,2025-10-16-0932_7-Jupiter_632OI.CameraSettings.txt,2025-10-16T09:31:46.1918349Z,0.05,60.0,No Gamma,1,320x320,
2025-10-16-0934_8-Jupiter_656HIA.avi,2025-10-16-0934_8-Jupiter_656HIA.CameraSettings.txt,2025-10-16T09:33:49.9054113Z,0.05,60.0,No Gamma,1,320x320,
2025-10-16-0936_6-Jupiter_685NIR.avi,2025-10-16-0936_6-Jupiter_685NIR.CameraSettings.txt,2025-10-16T09:35:55.3956378Z,0.009,60.0,No Gamma,1,320x320,
2025-10-16-0938_2-Jupiter_550GRN.avi,2025-10-16-0938_2-Jupiter_550GRN.CameraSettings.txt,2025-10-16T09:37:29.1806738Z,0.006,60.0,No Gamma,1,320x320,
2025-10-16-0939_8-Jupiter_450BLU.avi,2025-10-16-0939_8-Jupiter_450BLU.CameraSettings.txt,2025-10-16T09:39:02.9636539Z,0.01,60.0,No Gamma,1,320x320,
2025-10-16-0942_5-Jupiter_656HIA.avi,2025-10-16-0942_5-Jupiter_656HIA.CameraSettings.txt,2025-10-16T09:41:34.6922596Z,0.05,60.0,No Gamma,1,320x320,
2025-10-16-0944_6-Jupiter_632OI.avi,2025-10-16-0944_6-Jupiter_632OI.CameraSettings.txt,2025-10-16T09:43:38.5094399Z,0.05,60.0,No Gamma,1,320x320,
2025-10-16-0946_7-Jupiter_620CH4.avi,2025-10-16-0946_7-Jupiter_620CH4.CameraSettings.txt,2025-10-16T09:45:42.0996527Z,0.05,60.0,No Gamma,1,320x320,
2025-10-16-0948_7-Jupiter_647NH3.avi,2025-10-16-0948_7-Jupiter_647NH3.CameraSettings.txt,2025-10-16T09:47:45.6648972Z,0.05,60.0,No Gamma,1,320x320,
2025-10-16-0950_7-Jupiter_647NH3.avi,2025-10-16-0950_7-Jupiter_647NH3.CameraSettings.txt,2025-10-16T09:49:45.9472700Z,0.05,60.0,No Gamma,1,320x320,
2025-10-16-0952_8-Jupiter_620CH4.avi,2025-10-16-0952_8-Jupiter_620CH4.CameraSettings.txt,2025-10-16T09:51:49.6102788Z,0.05,60.0,No Gamma,1,320x320,
2025-10-16-0954_8-Jupiter_632OI.avi,2025-10-16-0954_8-Jupiter_632OI.CameraSettings.txt,2025-10-16T09:53:53.4055426Z,0.05,60.0,No Gamma,1,320x320,
2025-10-16-0956_9-Jupiter_656HIA.avi,2025-10-16-0956_9-Jupiter_656HIA.CameraSettings.txt,2025-10-16T09:55:57.1112253Z,0.05,60.0,No Gamma,1,320x320,
2025-10-16-0958_7-Jupiter_685NIR.avi,2025-10-16-0958_7-Jupiter_685NIR.CameraSettings.txt,2025-10-16T09:58:02.5883563Z,0.009,60.0,No Gamma,1,320x320,
2025-10-16-1000_3-Jupiter_550GRN.avi,2025-10-16-1000_3-Jupiter_550GRN.CameraSettings.txt,2025-10-16T09:59:36.1362305Z,0.006,60.0,No Gamma,1,320x320,
2025-10-16-1001_9-Jupiter_450BLU.avi,2025-10-16-1001_9-Jupiter_450BLU.CameraSettings.txt,2025-10-16T10:01:09.9052027Z,0.01,60.0,No Gamma,1,320x320,
2025-10-16-1003_7-Jupiter_656HIA.avi,2025-10-16-1003_7-Jupiter_656HIA.CameraSettings.txt,2025-10-16T10:02:43.7171121Z,0.05,60.0,No Gamma,1,320x320,
2025-10-16-1005_7-Jupiter_632OI.avi,2025-10-16-1005_7-Jupiter_632OI.CameraSettings.txt,2025-10-16T10:04:47.4140542Z,0.05,60.0,No Gamma,1,320x320,
2025-10-16-1007_8-Jupiter_620CH4.avi,2025-10-16-1007_8-Jupiter_620CH4.CameraSettings.txt,2025-10-16T10:06:51.0947753Z,0.05,60.0,No Gamma,1,320x320,
2025-10-16-1009_9-Jupiter_647NH3.avi,2025-10-16-1009_9-Jupiter_647NH3.CameraSettings.txt,2025-10-16T10:08:54.6013772Z,0.05,60.0,No Gamma,1,320x320,
2025-10-16-1011_9-Jupiter_647NH3.avi,2025-10-16-1011_9-Jupiter_647NH3.CameraSettings.txt,2025-10-16T10:10:54.6882430Z,0.05,60.0,No Gamma,1,320x320,
2025-10-16-1013_9-Jupiter_620CH4.avi,2025-10-16-1013_9-Jupiter_620CH4.CameraSettings.txt,2025-10-16T10:12:58.3763039Z,0.05,60.0,No Gamma,1,320x320,
2025-10-16-1016_0-Jupiter_632OI.avi,2025-10-16-1016_0-Jupiter_632OI.CameraSettings.txt,2025-10-16T10:15:02.1662700Z,0.05,60.0,No Gamma,1,320x320,
2025-10-16-1018_0-Jupiter_656HIA.avi,2025-10-16-1018_0-Jupiter_656HIA.CameraSettings.txt,2025-10-16T10:17:05.8530882Z,0.05,60.0,No Gamma,1,320x320,
2025-10-16-1019_9-Jupiter_685NIR.avi,2025-10-16-1019_9-Jupiter_685NIR.CameraSettings.txt,2025-10-16T10:19:11.0892745Z,0.009,60.0,No Gamma,1,320x320,
2025-10-16-1021_4-Jupiter_550GRN.avi,2025-10-16-1021_4-Jupiter_550GRN.CameraSettings.txt,2025-10-16T10:20:44.6256734Z,0.006,60.0,No Gamma,1,320x320,
2025-10-16-1023_0-Jupiter_450BLU.avi,2025-10-16-1023_0-Jupiter_450BLU.CameraSettings.txt,2025-10-16T10:22:18.3877436Z,0.01,60.0,No Gamma,1,320x320,
2025-10-16-1024_8-Jupiter_656HIA.avi,2025-10-16-1024_8-Jupiter_656HIA.CameraSettings.txt,2025-10-16T10:23:52.2471926Z,0.05,60.0,No Gamma,1,320x320,
2025-10-16-1026_9-Jupiter_632OI.avi,2025-10-16-1026_9-Jupiter_632OI.CameraSettings.txt,2025-10-16T10:25:55.9443076Z,0.05,60.0,No Gamma,1,320x320,
2025-10-16-1028_9-Jupiter_620CH4.avi,2025-10-16-1028_9-Jupiter_620CH4.CameraSettings.txt,2025-10-16T10:27:59.6148066Z,0.05,60.0,No Gamma,1,320x320,
2025-10-16-1031_0-Jupiter_647NH3.avi,2025-10-16-1031_0-Jupiter_647NH3.CameraSettings.txt,2025-10-16T10:30:03.3610741Z,0.05,60.0,No Gamma,1,320x320,
2025-10-16-1033_0-Jupiter_647NH3.avi,2025-10-16-1033_0-Jupiter_647NH3.CameraSettings.txt,2025-10-16T10:32:03.6963881Z,0.05,60.0,No Gamma,1,320x320,
2025-10-16-1035_1-Jupiter_620CH4.avi,2025-10-16-1035_1-Jupiter_620CH4.CameraSettings.txt,2025-10-16T10:34:07.3588861Z,0.05,60.0,No Gamma,1,320x320,
2025-10-16-1037_1-Jupiter_632OI.avi,2025-10-16-1037_1-Jupiter_632OI.CameraSettings.txt,2025-10-16T10:36:10.9340324Z,0.05,60.0,No Gamma,1,320x320,
2025-10-16-1039_2-Jupiter_656HIA.avi,2025-10-16-1039_2-Jupiter_656HIA.CameraSettings.txt,2025-10-16T10:38:14.6601174Z,0.05,60.0,No Gamma,1,320x320,
2025-10-16-1041_0-Jupiter_685NIR.avi,2025-10-16-1041_0-Jupiter_685NIR.CameraSettings.txt,2025-10-16T10:40:20.0863095Z,0.009,60.0,No Gamma,1,320x320,
2025-10-16-1042_6-Jupiter_550GRN.avi,2025-10-16-1042_6-Jupiter_550GRN.CameraSettings.txt,2025-10-16T10:41:53.6444273Z,0.006,60.0,No Gamma,1,320x320,
2025-10-16-1044_2-Jupiter_450BLU.avi,2025-10-16-1044_2-Jupiter_450BLU.CameraSettings.txt,2025-10-16T10:43:27.4083215Z,0.01,60.0,No Gamma,1,320x320,
2025-10-16-1046_0-Jupiter_656HIA.avi,2025-10-16-1046_0-Jupiter_656HIA.CameraSettings.txt,2025-10-16T10:45:01.2706213Z,0.05,60.0,No Gamma,1,320x320,
2025-10-16-1048_0-Jupiter_632OI.avi,2025-10-16-1048_0-Jupiter_632OI.CameraSettings.txt,2025-10-16T10:47:04.9183175Z,0.05,60.0,No Gamma,1,320x320,
2025-10-16-1050_1-Jupiter_620CH4.avi,2025-10-16-1050_1-Jupiter_620CH4.CameraSettings.txt,2025-10-16T10:49:08.6398811Z,0.05,60.0,No Gamma,1,320x320,
2025-10-16-1052_2-Jupiter_647NH3.avi,2025-10-16-1052_2-Jupiter_647NH3.CameraSettings.txt,2025-10-16T10:51:12.3979018Z,0.05,60.0,No Gamma,1,320x320,
2025-10-16-1054_2-Jupiter_647NH3.avi,2025-10-16-1054_2-Jupiter_647NH3.CameraSettings.txt,2025-10-16T10:53:12.6991604Z,0.05,60.0,No Gamma,1,320x320,
2025-10-16-1056_2-Jupiter_620CH4.avi,2025-10-16-1056_2-Jupiter_620CH4.CameraSettings.txt,2025-10-16T10:55:16.3782005Z,0.05,60.0,No Gamma,1,320x320,
2025-10-16-1058_3-Jupiter_632OI.avi,2025-10-16-1058_3-Jupiter_632OI.CameraSettings.txt,2025-10-16T10:57:20.1727163Z,0.05,60.0,No Gamma,1,320x320,
2025-10-16-1100_4-Jupiter_656HIA.avi,2025-10-16-1100_4-Jupiter_656HIA.CameraSettings.txt,2025-10-16T10:59:23.8719421Z,0.05,60.0,No Gamma,1,320x320,
2025-10-16-1102_2-Jupiter_685NIR.avi,2025-10-16-1102_2-Jupiter_685NIR.CameraSettings.txt,2025-10-16T11:01:29.3920434Z,0.009,60.0,No Gamma,1,320x320,
2025-10-16-1103_8-Jupiter_550GRN.avi,2025-10-16-1103_8-Jupiter_550GRN.CameraSettings.txt,2025-10-16T11:03:03.1740304Z,0.006,60.0,No Gamma,1,320x320,
2025-10-16-1105_3-Jupiter_450BLU.avi,2025-10-16-1105_3-Jupiter_450BLU.CameraSettings.txt,2025-10-16T11:04:36.9029682Z,0.01,60.0,No Gamma,1,320x320,
2025-10-16-1107_1-Jupiter_656HIA.avi,2025-10-16-1107_1-Jupiter_656HIA.CameraSettings.txt,2025-10-16T11:06:10.8144551Z,0.05,60.0,No Gamma,1,320x320,
2025-10-16-1109_2-Jupiter_632OI.avi,2025-10-16-1109_2-Jupiter_632OI.CameraSettings.txt,2025-10-16T11:08:14.4337882Z,0.05,60.0,No Gamma,1,320x320,
2025-10-16-1111_3-Jupiter_620CH4.avi,2025-10-16-1111_3-Jupiter_620CH4.CameraSettings.txt,2025-10-16T11:10:18.1436335Z,0.05,60.0,No Gamma,1,320x320,
2025-10-16-1113_3-Jupiter_647NH3.avi,2025-10-16-1113_3-Jupiter_647NH3.CameraSettings.txt,2025-10-16T11:12:21.9021673Z,0.05,60.0,No Gamma,1,320x320,
2025-10-16-1115_3-Jupiter_647NH3.avi,2025-10-16-1115_3-Jupiter_647NH3.CameraSettings.txt,2025-10-16T11:14:22.2021092Z,0.05,60.0,No Gamma,1,320x320,
2025-10-16-1117_4-Jupiter_620CH4.avi,2025-10-16-1117_4-Jupiter_620CH4.CameraSettings.txt,2025-10-16T11:16:25.9536909Z,0.05,60.0,No Gamma,1,320x320,
2025-10-16-1119_4-Jupiter_632OI.avi,2025-10-16-1119_4-Jupiter_632OI.CameraSettings.txt,2025-10-16T11:18:29.6786490Z,0.05,60.0,No Gamma,1,320x320,
2025-10-16-1121_5-Jupiter_656HIA.avi,2025-10-16-1121_5-Jupiter_656HIA.CameraSettings.txt,2025-10-16T11:20:33.4214570Z,0.05,60.0,No Gamma,1,320x320,
2025-10-16-1123_4-Jupiter_685NIR.avi,2025-10-16-1123_4-Jupiter_685NIR.CameraSettings.txt,2025-10-16T11:22:38.9058386Z,0.009,60.0,No Gamma,1,320x320,
2025-10-16-1124_9-Jupiter_550GRN.avi,2025-10-16-1124_9-Jupiter_550GRN.CameraSettings.txt,2025-10-16T11:24:12.6746183Z,0.006,60.0,No Gamma,1,320x320,
2025-10-16-1126_5-Jupiter_450BLU.avi,2025-10-16-1126_5-Jupiter_450BLU.CameraSettings.txt,2025-10-16T11:25:46.4247398Z,0.01,60.0,No Gamma,1,320x320,
2025-10-16-1128_3-Jupiter_656HIA.avi,2025-10-16-1128_3-Jupiter_656HIA.CameraSettings.txt,2025-10-16T11:27:20.2970459Z,0.05,60.0,No Gamma,1,320x320,
2025-10-16-1130_4-Jupiter_632OI.avi,2025-10-16-1130_4-Jupiter_632OI.CameraSettings.txt,2025-10-16T11:29:23.9323191Z,0.05,60.0,No Gamma,1,320x320,
2025-10-16-1132_4-Jupiter_620CH4.avi,2025-10-16-1132_4-Jupiter_620CH4.CameraSettings.txt,2025-10-16T11:31:27.6910064Z,0.05,60.0,No Gamma,1,320x320,
2025-10-16-1134_5-Jupiter_647NH3.avi,2025-10-16-1134_5-Jupiter_647NH3.CameraSettings.txt,2025-10-16T11:33:31.3649683Z,0.05,60.0,No Gamma,1,320x320,
2025-10-16-1136_5-Jupiter_647NH3.avi,2025-10-16-1136_5-Jupiter_647NH3.CameraSettings.txt,2025-10-16T11:35:31.6962494Z,0.05,60.0,No Gamma,1,320x320,
2025-10-16-1138_5-Jupiter_620CH4.avi,2025-10-16-1138_5-Jupiter_620CH4.CameraSettings.txt,2025-10-16T11:37:35.4321233Z,0.05,60.0,No Gamma,1,320x320,
2025-10-16-1140_6-Jupiter_632OI.avi,2025-10-16-1140_6-Jupiter_632OI.CameraSettings.txt,2025-10-16T11:39:39.2045727Z,0.05,60.0,No Gamma,1,320x320,
2025-10-16-1142_7-Jupiter_656HIA.avi,2025-10-16-1142_7-Jupiter_656HIA.CameraSettings.txt,2025-10-16T11:41:42.9258727Z,0.05,60.0,No Gamma,1,320x320,
2025-10-16-1144_5-Jupiter_685NIR.avi,2025-10-16-1144_5-Jupiter_685NIR.CameraSettings.txt,2025-10-16T11:43:48.4215555Z,0.009,60.0,No Gamma,1,320x320,
2025-10-16-1146_1-Jupiter_550GRN.avi,2025-10-16-1146_1-Jupiter_550GRN.CameraSettings.txt,2025-10-16T11:45:22.1878337Z,0.006,60.0,No Gamma,1,320x320,
2025-10-16-1147_6-Jupiter_450BLU.avi,2025-10-16-1147_6-Jupiter_450BLU.CameraSettings.txt,2025-10-16T11:46:55.9479577Z,0.01,60.0,No Gamma,1,320x320,
2025-10-16-1149_4-Jupiter_656HIA.avi,2025-10-16-1149_4-Jupiter_656HIA.CameraSettings.txt,2025-10-16T11:48:29.7479410Z,0.05,60.0,No Gamma,1,320x320,
2025-10-16-1151_5-Jupiter_632OI.avi,2025-10-16-1151_5-Jupiter_632OI.CameraSettings.txt,2025-10-16T11:50:33.4428548Z,0.05,60.0,No Gamma,1,320x320,
2025-10-16-1153_6-Jupiter_620CH4.avi,2025-10-16-1153_6-Jupiter_620CH4.CameraSettings.txt,2025-10-16T11:52:37.2046192Z,0.05,60.0,No Gamma,1,320x320,
2025-10-16-1155_6-Jupiter_647NH3.avi,2025-10-16-1155_6-Jupiter_647NH3.CameraSettings.txt,2025-10-16T11:54:40.8954654Z,0.05,60.0,No Gamma,1,320x320,
2025-10-16-1157_6-Jupiter_647NH3.avi,2025-10-16-1157_6-Jupiter_647NH3.CameraSettings.txt,2025-10-16T11:56:41.1990006Z,0.05,60.0,No Gamma,1,320x320,
2025-10-16-1159_7-Jupiter_620CH4.avi,2025-10-16-1159_7-Jupiter_620CH4.CameraSettings.txt,2025-10-16T11:58:44.9301593Z,0.05,60.0,No Gamma,1,320x320,
2025-10-16-1201_8-Jupiter_632OI.avi,2025-10-16-1201_8-Jupiter_632OI.CameraSettings.txt,2025-10-16T12:00:48.7241354Z,0.05,60.0,No Gamma,1,320x320,
2025-10-16-1203_8-Jupiter_656HIA.avi,2025-10-16-1203_8-Jupiter_656HIA.CameraSettings.txt,2025-10-16T12:02:52.5042426Z,0.05,60.0,No Gamma,1,320x320,
2025-10-16-1205_7-Jupiter_685NIR.avi,2025-10-16-1205_7-Jupiter_685NIR.CameraSettings.txt,2025-10-16T12:04:57.9140178Z,0.009,60.0,No Gamma,1,320x320,
2025-10-16-1207_2-Jupiter_550GRN.avi,2025-10-16-1207_2-Jupiter_550GRN.CameraSettings.txt,2025-10-16T12:06:31.6901473Z,0.006,60.0,No Gamma,1,320x320,
2025-10-16-1208_8-Jupiter_450BLU.avi,2025-10-16-1208_8-Jupiter_450BLU.CameraSettings.txt,2025-10-16T12:08:05.4309397Z,0.01,60.0,No Gamma,1,320x320,
2025-10-16-1210_6-Jupiter_656HIA.avi,2025-10-16-1210_6-Jupiter_656HIA.CameraSettings.txt,2025-10-16T12:09:39.3553153Z,0.05,60.0,No Gamma,1,320x320,
2025-10-16-1212_7-Jupiter_632OI.avi,2025-10-16-1212_7-Jupiter_632OI.CameraSettings.txt,2025-10-16T12:11:42.9522374Z,0.05,60.0,No Gamma,1,320x320,
2025-10-16-1214_7-Jupiter_620CH4.avi,2025-10-16-1214_7-Jupiter_620CH4.CameraSettings.txt,2025-10-16T12:13:46.6406331Z,0.05,60.0,No Gamma,1,320x320,
2025-10-16-1216_8-Jupiter_647NH3.avi,2025-10-16-1216_8-Jupiter_647NH3.CameraSettings.txt,2025-10-16T12:15:50.4091753Z,0.05,60.0,No Gamma,1,320x320,
2025-10-16-1218_8-Jupiter_647NH3.avi,2025-10-16-1218_8-Jupiter_647NH3.CameraSettings.txt,2025-10-16T12:17:50.6946806Z,0.05,60.0,No Gamma,1,320x320,
2025-10-16-1220_9-Jupiter_620CH4.avi,2025-10-16-1220_9-Jupiter_620CH4.CameraSettings.txt,2025-10-16T12:19:54.4140320Z,0.05,60.0,No Gamma,1,320x320,
2025-10-16-1222_9-Jupiter_632OI.avi,2025-10-16-1222_9-Jupiter_632OI.CameraSettings.txt,2025-10-16T12:21:58.1920417Z,0.05,60.0,No Gamma,1,320x320,
2025-10-16-1225_0-Jupiter_656HIA.avi,2025-10-16-1225_0-Jupiter_656HIA.CameraSettings.txt,2025-10-16T12:24:01.9492689Z,0.05,60.0,No Gamma,1,320x320,
2025-10-16-1226_8-Jupiter_685NIR.avi,2025-10-16-1226_8-Jupiter_685NIR.CameraSettings.txt,2025-10-16T12:26:07.5074974Z,0.009,60.0,No Gamma,1,320x320,
2025-10-16-1228_4-Jupiter_550GRN.avi,2025-10-16-1228_4-Jupiter_550GRN.CameraSettings.txt,2025-10-16T12:27:41.1914830Z,0.006,60.0,No Gamma,1,320x320,
2025-10-16-1230_0-Jupiter_450BLU.avi,2025-10-16-1230_0-Jupiter_450BLU.CameraSettings.txt,2025-10-16T12:29:14.9421090Z,0.01,60.0,No Gamma,1,320x320,
2025-10-16-1231_8-Jupiter_656HIA.avi,2025-10-16-1231_8-Jupiter_656HIA.CameraSettings.txt,2025-10-16T12:30:48.8329415Z,0.05,60.0,No Gamma,1,320x320,
2025-10-16-1233_8-Jupiter_632OI.avi,2025-10-16-1233_8-Jupiter_632OI.CameraSettings.txt,2025-10-16T12:32:52.4484585Z,0.05,60.0,No Gamma,1,320x320,
2025-10-16-1235_9-Jupiter_620CH4.avi,2025-10-16-1235_9-Jupiter_620CH4.CameraSettings.txt,2025-10-16T12:34:56.1880294Z,0.05,60.0,No Gamma,1,320x320,
2025-10-16-1238_0-Jupiter_647NH3.avi,2025-10-16-1238_0-Jupiter_647NH3.CameraSettings.txt,2025-10-16T12:36:59.8991963Z,0.05,60.0,No Gamma,1,320x320,
2025-10-16-1240_0-Jupiter_647NH3.avi,2025-10-16-1240_0-Jupiter_647NH3.CameraSettings.txt,2025-10-16T12:39:00.2328167Z,0.05,60.0,No Gamma,1,320x320,
2025-10-16-1242_0-Jupiter_620CH4.avi,2025-10-16-1242_0-Jupiter_620CH4.CameraSettings.txt,2025-10-16T12:41:03.9238945Z,0.05,60.0,No Gamma,1,320x320,
2025-10-16-1244_1-Jupiter_632OI.avi,2025-10-16-1244_1-Jupiter_632OI.CameraSettings.txt,2025-10-16T12:43:07.6959985Z,0.05,60.0,No Gamma,1,320x320,
2025-10-16-1246_1-Jupiter_656HIA.avi,2025-10-16-1246_1-Jupiter_656HIA.CameraSettings.txt,2025-10-16T12:45:11.4533001Z,0.05,60.0,No Gamma,1,320x320,
2025-10-16-1248_0-Jupiter_685NIR.avi,2025-10-16-1248_0-Jupiter_685NIR.CameraSettings.txt,2025-10-16T12:47:16.9531966Z,0.009,60.0,No Gamma,1,320x320,
2025-10-16-1249_5-Jupiter_550GRN.avi,2025-10-16-1249_5-Jupiter_550GRN.CameraSettings.txt,2025-10-16T12:48:50.6971953Z,0.006,60.0,No Gamma,1,320x320,
2025-10-16-1251_1-Jupiter_450BLU.avi,2025-10-16-1251_1-Jupiter_450BLU.CameraSettings.txt,2025-10-16T12:50:24.4458970Z,0.01,60.0,No Gamma,1,320x320,
